{
  "loss": [
    2.1268696784973145,
    1.124101161956787,
    0.5648474097251892,
    0.27047401666641235,
    0.12277648597955704,
    0.05258771404623985,
    0.021182360127568245,
    0.008004385977983475,
    0.0028323251754045486,
    0.0009370227926410735,
    0.000289409450488165,
    8.772598812356591e-05,
    2.8741471396642737e-05,
    1.0205013495578896e-05,
    3.910613031621324e-06,
    1.6108349427668145e-06,
    7.113201831998595e-07,
    3.3649229180809925e-07,
    1.7083237935366924e-07,
    9.350091545456962e-08
  ],
  "val_loss": [
    1.5145341157913208,
    0.7761903405189514,
    0.37957799434661865,
    0.17633074522018433,
    0.07740345597267151,
    0.03198222815990448,
    0.01240398921072483,
    0.004506316501647234,
    0.001530999317765236,
    0.0004857089079450816,
    0.0001436695602023974,
    4.563264155876823e-05,
    1.5715995687060058e-05,
    5.849185072293039e-06,
    2.342412017242168e-06,
    1.0060589374916162e-06,
    4.626855911737948e-07,
    2.2800847432336013e-07,
    1.2080629119282094e-07,
    6.92143800051781e-08
  ],
  "learning_rate": [
    0.0010000000474974513,
    0.0010000000474974513,
    0.0010000000474974513,
    0.0010000000474974513,
    0.0010000000474974513,
    0.0010000000474974513,
    0.0010000000474974513,
    0.0010000000474974513,
    0.0010000000474974513,
    0.0010000000474974513,
    0.0010000000474974513,
    0.0009048374486155808,
    0.0008187307976186275,
    0.0007408182136714458,
    0.0006703200633637607,
    0.0006065306952223182,
    0.0005488116294145584,
    0.000496585329528898,
    0.0004493289743550122,
    0.00040656968485563993
  ]
}