{
  "loss": [
    0.6767937541007996,
    0.22668060660362244,
    0.08815335482358932,
    0.050898030400276184,
    0.036956846714019775,
    0.02871682122349739,
    0.02294563129544258,
    0.018749529495835304,
    0.015707578510046005,
    0.013430716469883919,
    0.010946864262223244,
    0.009153462015092373,
    0.007967527024447918,
    0.0066899871453642845,
    0.005745388101786375,
    0.005105387419462204,
    0.004669827409088612,
    0.004364319611340761,
    0.003966090735048056,
    0.003744198475033045,
    0.0035307120997458696,
    0.0033496215473860502,
    0.0032277286518365145,
    0.0030910237692296505,
    0.002981383353471756,
    0.002924475586041808,
    0.002848760224878788,
    0.002768679289147258,
    0.002722300821915269,
    0.0026703919284045696,
    0.0026183968875557184,
    0.002574124140664935,
    0.0025385876651853323,
    0.0025035319849848747,
    0.0024734812323004007,
    0.0024503825698047876,
    0.002426422666758299,
    0.002402093494310975,
    0.0023762043565511703,
    0.002357994904741645,
    0.0023430497385561466,
    0.0023301709443330765,
    0.0023137833923101425,
    0.002303752349689603,
    0.0022907264064997435,
    0.0022810939699411392,
    0.0022716389503329992,
    0.0022642803378403187,
    0.00225560343824327,
    0.0022454294376075268,
    0.002238223096355796,
    0.002230524318292737,
    0.002225928707048297,
    0.002220742404460907,
    0.002217213623225689,
    0.002211575396358967,
    0.002207502955570817,
    0.0022029883693903685,
    0.002200040267780423,
    0.0021971073001623154,
    0.002194114960730076,
    0.002191824372857809,
    0.0021889342460781336,
    0.002187215955927968,
    0.0021854680962860584,
    0.002183243166655302,
    0.002181116957217455,
    0.002180148381739855,
    0.0021783497650176287,
    0.0021769588347524405,
    0.0021758172661066055,
    0.002174617722630501,
    0.0021742163226008415,
    0.0021732423920184374,
    0.002171878470107913,
    0.0021711040753871202,
    0.002170375781133771,
    0.002169661223888397
  ],
  "val_loss": [
    0.5888569951057434,
    0.2071567326784134,
    0.10839548707008362,
    0.07274369150400162,
    0.06077716499567032,
    0.051923394203186035,
    0.04318373277783394,
    0.039779987186193466,
    0.03358801081776619,
    0.029696866869926453,
    0.026200175285339355,
    0.02359883300960064,
    0.021495135501027107,
    0.019445940852165222,
    0.018287114799022675,
    0.01735021360218525,
    0.016605956479907036,
    0.015959078446030617,
    0.0153729896992445,
    0.015000917948782444,
    0.014842771925032139,
    0.014485806226730347,
    0.014105703681707382,
    0.013813323341310024,
    0.01358675118535757,
    0.01340532023459673,
    0.013196328654885292,
    0.013192683458328247,
    0.013005244545638561,
    0.012819021008908749,
    0.012741092592477798,
    0.012600507587194443,
    0.012613398022949696,
    0.012421864084899426,
    0.012323928996920586,
    0.012319839559495449,
    0.01220844779163599,
    0.01220887154340744,
    0.012102817185223103,
    0.012042137794196606,
    0.01201378833502531,
    0.012009917758405209,
    0.01192556694149971,
    0.011907507665455341,
    0.011883833445608616,
    0.0118384575471282,
    0.01176428608596325,
    0.011757293716073036,
    0.011775502003729343,
    0.011772728525102139,
    0.011721314862370491,
    0.011708959005773067,
    0.011696035973727703,
    0.01172544527798891,
    0.011663245968520641,
    0.011648926883935928,
    0.011647055856883526,
    0.011638901196420193,
    0.01163488533347845,
    0.011618142016232014,
    0.011610688641667366,
    0.011597994714975357,
    0.01158926635980606,
    0.011608847416937351,
    0.011596919037401676,
    0.011576815508306026,
    0.011578467674553394,
    0.011559786275029182,
    0.011568299494683743,
    0.011558229103684425,
    0.01155917253345251,
    0.011560262180864811,
    0.011549174785614014,
    0.011551091447472572,
    0.011552774347364902,
    0.011545638553798199,
    0.011543420143425465,
    0.011543821543455124
  ],
  "learning_rate": [
    0.0010000000474974513,
    0.0010000000474974513,
    0.0010000000474974513,
    0.0010000000474974513,
    0.0010000000474974513,
    0.0010000000474974513,
    0.0010000000474974513,
    0.0010000000474974513,
    0.0010000000474974513,
    0.0010000000474974513,
    0.0010000000474974513,
    0.0009048374486155808,
    0.0008187307976186275,
    0.0007408182136714458,
    0.0006703200633637607,
    0.0006065306952223182,
    0.0005488116294145584,
    0.000496585329528898,
    0.0004493289743550122,
    0.00040656968485563993,
    0.00036787946010008454,
    0.0003328711027279496,
    0.0003011942026205361,
    0.0002725318190641701,
    0.0002465969882905483,
    0.00022313017689157277,
    0.00020189653150737286,
    0.00018268352141603827,
    0.00016529890126548707,
    0.000149568630149588,
    0.00013533528544940054,
    0.00012245644757058471,
    0.00011080315744038671,
    0.00010025885421782732,
    9.071794920600951e-05,
    8.208500366890803e-05,
    7.4273586506024e-05,
    6.720551755279303e-05,
    6.081007086322643e-05,
    5.50232180103194e-05,
    4.978706783731468e-05,
    4.504920798353851e-05,
    4.076220284332521e-05,
    3.6883167922496796e-05,
    3.3373267797287554e-05,
    3.019738505827263e-05,
    2.7323725589667447e-05,
    2.4723527531023137e-05,
    2.2370773876900785e-05,
    2.0241910533513874e-05,
    1.831564077292569e-05,
    1.6572677850490436e-05,
    1.4995580386312213e-05,
    1.3568557733378839e-05,
    1.2277339010324795e-05,
    1.110899665945908e-05,
    1.00518363979063e-05,
    9.09527898329543e-06,
    8.229745617427398e-06,
    7.446582912962185e-06,
    6.737947387591703e-06,
    6.096747711126227e-06,
    5.516565579455346e-06,
    4.991592959413538e-06,
    4.51658070232952e-06,
    4.08677169616567e-06,
    3.697864258356276e-06,
    3.3459662063251017e-06,
    3.027554384971154e-06,
    2.7394446533435257e-06,
    2.4787523216218688e-06,
    2.2428680495067965e-06,
    2.0294312434998574e-06,
    1.8363044773650472e-06,
    1.6615572349110153e-06,
    1.5034391935841995e-06,
    1.360368287350866e-06,
    1.23091217574256e-06
  ]
}