{
  "loss": [
    0.24390482902526855,
    0.08196015655994415,
    0.050514429807662964,
    0.03264976292848587,
    0.0221468023955822,
    0.01585008203983307,
    0.01152352336794138,
    0.00858385767787695,
    0.0063906521536409855,
    0.004915683530271053,
    0.0038299697916954756,
    0.003068560967221856,
    0.0025078514590859413,
    0.00210211961530149,
    0.0018047289922833443,
    0.001596940099261701,
    0.0014422556851059198,
    0.0013108772691339254,
    0.001218286226503551,
    0.001144962734542787,
    0.0010879625333473086,
    0.0010381764732301235,
    0.0010031170677393675,
    0.000967355037573725,
    0.0009389490005560219,
    0.0009156292653642595,
    0.0008973419899120927,
    0.0008789816638454795,
    0.0008622603490948677,
    0.0008491370244883001,
    0.0008393292082473636,
    0.0008267569355666637,
    0.0008167587220668793,
    0.000810279801953584,
    0.0008023645495995879,
    0.000794938940089196,
    0.0007883539656177163,
    0.0007828272646293044,
    0.0007778856088407338,
    0.0007733015227131546,
    0.0007700870046392083,
    0.0007661482086405158,
    0.0007621694821864367,
    0.0007592158508487046,
    0.0007566086715087295,
    0.0007538209320046008,
    0.0007511795265600085,
    0.0007493380107916892,
    0.0007471900898963213,
    0.0007453293073922396,
    0.0007439726032316685,
    0.0007423138013109565,
    0.0007414701976813376,
    0.0007396973669528961,
    0.0007384656346403062,
    0.0007374403649009764,
    0.0007366362260654569,
    0.0007356356945820153,
    0.0007348869112320244,
    0.000734135857783258
  ],
  "val_loss": [
    0.17846061289310455,
    0.11604248732328415,
    0.07658962905406952,
    0.051866501569747925,
    0.038246043026447296,
    0.02902798168361187,
    0.022627362981438637,
    0.017611978575587273,
    0.014097465202212334,
    0.011311598122119904,
    0.009489461779594421,
    0.00803352426737547,
    0.006965898908674717,
    0.0064244638197124004,
    0.005770277697592974,
    0.00533456914126873,
    0.004970769863575697,
    0.004788575228303671,
    0.004557253327220678,
    0.004493132699280977,
    0.00428198603913188,
    0.004158043302595615,
    0.004112169146537781,
    0.004024968948215246,
    0.003941763192415237,
    0.0038836104795336723,
    0.0038908440619707108,
    0.0037965707015246153,
    0.0037691898178309202,
    0.0037255825009196997,
    0.003702500369399786,
    0.0036896157544106245,
    0.0036440384574234486,
    0.0036492752842605114,
    0.003614273387938738,
    0.0036119644064456224,
    0.0035868443083018064,
    0.003567899577319622,
    0.00356140173971653,
    0.0035496174823492765,
    0.0035478968638926744,
    0.0035218277480453253,
    0.003523139748722315,
    0.0035148258320987225,
    0.003505839267745614,
    0.003506952431052923,
    0.0035008469130843878,
    0.0034903192427009344,
    0.0034862945321947336,
    0.0034820979926735163,
    0.003475175704807043,
    0.0034721263218671083,
    0.0034712571650743484,
    0.0034663518890738487,
    0.0034638044890016317,
    0.003462773747742176,
    0.003457571379840374,
    0.0034555329475551844,
    0.0034576437901705503,
    0.0034552186261862516
  ],
  "learning_rate": [
    0.0010000000474974513,
    0.0010000000474974513,
    0.0010000000474974513,
    0.0010000000474974513,
    0.0010000000474974513,
    0.0010000000474974513,
    0.0010000000474974513,
    0.0010000000474974513,
    0.0010000000474974513,
    0.0010000000474974513,
    0.0010000000474974513,
    0.0009048374486155808,
    0.0008187307976186275,
    0.0007408182136714458,
    0.0006703200633637607,
    0.0006065306952223182,
    0.0005488116294145584,
    0.000496585329528898,
    0.0004493289743550122,
    0.00040656968485563993,
    0.00036787946010008454,
    0.0003328711027279496,
    0.0003011942026205361,
    0.0002725318190641701,
    0.0002465969882905483,
    0.00022313017689157277,
    0.00020189653150737286,
    0.00018268352141603827,
    0.00016529890126548707,
    0.000149568630149588,
    0.00013533528544940054,
    0.00012245644757058471,
    0.00011080315744038671,
    0.00010025885421782732,
    9.071794920600951e-05,
    8.208500366890803e-05,
    7.4273586506024e-05,
    6.720551755279303e-05,
    6.081007086322643e-05,
    5.50232180103194e-05,
    4.978706783731468e-05,
    4.504920798353851e-05,
    4.076220284332521e-05,
    3.6883167922496796e-05,
    3.3373267797287554e-05,
    3.019738505827263e-05,
    2.7323725589667447e-05,
    2.4723527531023137e-05,
    2.2370773876900785e-05,
    2.0241910533513874e-05,
    1.831564077292569e-05,
    1.6572677850490436e-05,
    1.4995580386312213e-05,
    1.3568557733378839e-05,
    1.2277339010324795e-05,
    1.110899665945908e-05,
    1.00518363979063e-05,
    9.09527898329543e-06,
    8.229745617427398e-06,
    7.446582912962185e-06
  ]
}