{
  "loss": [
    0.7654802799224854,
    0.4388810694217682,
    0.24262630939483643,
    0.1297135353088379,
    0.06683630496263504,
    0.03308830037713051,
    0.015703490003943443,
    0.007133211940526962,
    0.003097742795944214,
    0.001284996746107936,
    0.000508792873006314,
    0.00020024929835926741,
    8.383495878661051e-05,
    3.7305559089872986e-05,
    1.7578317056177184e-05,
    8.73884346219711e-06,
    4.568491021927912e-06,
    2.5040569653356215e-06,
    1.4352056041389005e-06,
    8.581540100749407e-07,
    5.342135978025908e-07,
    3.456264607848425e-07,
    2.3205583943308739e-07,
    1.61472271997809e-07
  ],
  "val_loss": [
    0.5696201324462891,
    0.3193775713443756,
    0.17329992353916168,
    0.09076183289289474,
    0.045718926936388016,
    0.02209259569644928,
    0.010222361423075199,
    0.004523128736764193,
    0.0019120172364637256,
    0.000771570485085249,
    0.00029702167375944555,
    0.00012126960791647434,
    5.268097447697073e-05,
    2.42645364778582e-05,
    1.1805532267317176e-05,
    6.046730050002225e-06,
    3.2504651699127862e-06,
    1.8287848888576264e-06,
    1.074255465027818e-06,
    6.574304620698967e-07,
    4.183972066584829e-07,
    2.764644193575805e-07,
    1.894114376455036e-07,
    1.343838818002041e-07
  ],
  "learning_rate": [
    0.0010000000474974513,
    0.0010000000474974513,
    0.0010000000474974513,
    0.0010000000474974513,
    0.0010000000474974513,
    0.0010000000474974513,
    0.0010000000474974513,
    0.0010000000474974513,
    0.0010000000474974513,
    0.0010000000474974513,
    0.0010000000474974513,
    0.0009048374486155808,
    0.0008187307976186275,
    0.0007408182136714458,
    0.0006703200633637607,
    0.0006065306952223182,
    0.0005488116294145584,
    0.000496585329528898,
    0.0004493289743550122,
    0.00040656968485563993,
    0.00036787946010008454,
    0.0003328711027279496,
    0.0003011942026205361,
    0.0002725318190641701
  ]
}