{
  "Optimized LSTM": {
    "MSE": 1.0001830263788802,
    "RMSE": 1.0000915090024913,
    "MAE": 0.8306835349736708,
    "R\u00b2": -0.0001830263788750175,
    "EVS": -0.00017542423718086564,
    "MAPE": 100.59561365982968
  },
  "BiLSTM": {
    "MSE": 0.9999651815167787,
    "RMSE": 0.9999825906068459,
    "MAE": 0.8304576011934133,
    "R\u00b2": 3.481848322656189e-05,
    "EVS": 4.0357954707137544e-05,
    "MAPE": 100.79838538800688
  },
  "Stacked LSTM": {
    "MSE": 0.9966181879045781,
    "RMSE": 0.9983076619482484,
    "MAE": 0.8281670301734427,
    "R\u00b2": 0.0033818120954271502,
    "EVS": 0.003474933102851463,
    "MAPE": 104.51102812244626
  },
  "CNN-LSTM": {
    "MSE": 0.00648035242223562,
    "RMSE": 0.0805006361604405,
    "MAE": 0.03863831304819344,
    "R\u00b2": 0.9935196475777643,
    "EVS": 0.99352419640042,
    "MAPE": 23.693048761103018
  },
  "GRU": {
    "MSE": 0.002467634973476846,
    "RMSE": 0.04967529540402196,
    "MAE": 0.017311852028265646,
    "R\u00b2": 0.9975323650265232,
    "EVS": 0.9975368982783424,
    "MAPE": 23.775820351759506
  },
  "SVM": {
    "MSE": 0.054324948431546616,
    "RMSE": 0.23307712979086262,
    "MAE": 0.1060305920758236,
    "R\u00b2": 0.9456750515684537,
    "EVS": 0.9474336096489091,
    "MAPE": 34.71289021000519
  },
  "k-NN": {
    "MSE": 0.04410271814580536,
    "RMSE": 0.21000647167600658,
    "MAE": 0.12743184976088182,
    "R\u00b2": 0.9558972818541949,
    "EVS": 0.9559496423719753,
    "MAPE": 52.53288251842698
  },
  "XGBoost": {
    "MSE": 0.0026561888267020678,
    "RMSE": 0.05153822684864185,
    "MAE": 0.012698484059282878,
    "R\u00b2": 0.997343811173298,
    "EVS": 0.9973453219182923,
    "MAPE": 4.0280536531799465
  },
  "Random Forest": {
    "MSE": 0.0006849802050233281,
    "RMSE": 0.02617212649028214,
    "MAE": 0.0023982351037733322,
    "R\u00b2": 0.9993150197949767,
    "EVS": 0.9993159687621291,
    "MAPE": 0.6835712713550853
  },
  "Stacking": {
    "MSE": 0.0007047812499096908,
    "RMSE": 0.026547716472602515,
    "MAE": 0.004322356076274784,
    "R\u00b2": 0.9992952187500903,
    "EVS": 0.9992959727363879,
    "MAPE": 1.6013985022145252
  },
  "Regularized Stacking": {
    "MSE": 0.006295762251502822,
    "RMSE": 0.07934583953492975,
    "MAE": 0.036154681629087165,
    "R\u00b2": 0.9937042377484973,
    "EVS": 0.9937216322518838,
    "MAPE": 13.774492033184703
  },
  "Weighted Average": {
    "MSE": 0.0007307985900087727,
    "RMSE": 0.027033286703780076,
    "MAE": 0.00364805959629466,
    "R\u00b2": 0.9992692014099913,
    "EVS": 0.9992701263131083,
    "MAPE": 2.4251693482550762
  },
  "Ensemble": {
    "MSE": 0.0027995296959501493,
    "RMSE": 0.052910582079109175,
    "MAE": 0.026469706650016446,
    "R\u00b2": 0.9972004703040499,
    "EVS": 0.9972066382509185,
    "MAPE": 4.042372016392451
  }
}