{
  "Optimized LSTM": {
    "MSE": 0.9999919512560942,
    "RMSE": 0.9999959756199492,
    "MAE": 0.8305311385023775,
    "R\u00b2": 8.048743911137635e-06,
    "EVS": 8.752129312505907e-06,
    "MAPE": 100.20793914132209
  },
  "BiLSTM": {
    "MSE": 1.00002340466959,
    "RMSE": 1.0000117022663235,
    "MAE": 0.8304520326190548,
    "R\u00b2": -2.3404669584614624e-05,
    "EVS": -2.2430476375290276e-05,
    "MAPE": 100.0478323769928
  },
  "Stacked LSTM": {
    "MSE": 1.0054527361207168,
    "RMSE": 1.0027226616172176,
    "MAE": 0.8334523664185116,
    "R\u00b2": -0.00545273612071151,
    "EVS": -0.0029147962086438772,
    "MAPE": 114.67604261390629
  },
  "CNN-LSTM": {
    "MSE": 0.006329486156736799,
    "RMSE": 0.0795580678293333,
    "MAE": 0.03864948679025335,
    "R\u00b2": 0.9936705138432632,
    "EVS": 0.9936809352495722,
    "MAPE": 28.065367060745146
  },
  "GRU": {
    "MSE": 0.0023501679890778598,
    "RMSE": 0.04847853121823989,
    "MAE": 0.01545515132829126,
    "R\u00b2": 0.9976498320109222,
    "EVS": 0.9976512675783562,
    "MAPE": 29.23671251090203
  },
  "SVM": {
    "MSE": 0.054324948431546616,
    "RMSE": 0.23307712979086262,
    "MAE": 0.1060305920758236,
    "R\u00b2": 0.9456750515684537,
    "EVS": 0.9474336096489091,
    "MAPE": 34.71289021000519
  },
  "k-NN": {
    "MSE": 0.04410271814580536,
    "RMSE": 0.21000647167600658,
    "MAE": 0.12743184976088182,
    "R\u00b2": 0.9558972818541949,
    "EVS": 0.9559496423719753,
    "MAPE": 52.53288251842698
  },
  "XGBoost": {
    "MSE": 0.0026561888267020678,
    "RMSE": 0.05153822684864185,
    "MAE": 0.012698484059282878,
    "R\u00b2": 0.997343811173298,
    "EVS": 0.9973453219182923,
    "MAPE": 4.0280536531799465
  },
  "Random Forest": {
    "MSE": 0.0006852341916123532,
    "RMSE": 0.02617697827504835,
    "MAE": 0.0023933542876896936,
    "R\u00b2": 0.9993147658083876,
    "EVS": 0.9993157104492841,
    "MAPE": 0.7415065129484292
  },
  "Stacking": {
    "MSE": 0.0006982247410217058,
    "RMSE": 0.026423942571495756,
    "MAE": 0.004196870497307014,
    "R\u00b2": 0.9993017752589783,
    "EVS": 0.9993025047738942,
    "MAPE": 1.5461082284796106
  },
  "Regularized Stacking": {
    "MSE": 0.00583032160223286,
    "RMSE": 0.07635654262885964,
    "MAE": 0.034486189295302276,
    "R\u00b2": 0.9941696783977672,
    "EVS": 0.9941843058121298,
    "MAPE": 10.859486211958076
  },
  "Weighted Average": {
    "MSE": 0.0007182877707421971,
    "RMSE": 0.02680089123037137,
    "MAE": 0.003499937658133072,
    "R\u00b2": 0.9992817122292579,
    "EVS": 0.9992824817773405,
    "MAPE": 2.971995900839162
  },
  "Ensemble": {
    "MSE": 0.00279078158676263,
    "RMSE": 0.05282784859108527,
    "MAE": 0.026337244254282292,
    "R\u00b2": 0.9972092184132373,
    "EVS": 0.9972158886866203,
    "MAPE": 4.342284817902604
  }
}