{"loss": [1.3996752500534058], "val_loss": [0.5120438933372498], "learning_rate": [0.0010000000474974513]}