{"loss": [0.27862828969955444], "val_loss": [0.09220515191555023], "learning_rate": [0.0010000000474974513]}