{"loss": [0.22517864406108856], "val_loss": [0.10956989973783493], "learning_rate": [0.0010000000474974513]}