{"loss": [0.53227698802948], "val_loss": [0.22797083854675293], "learning_rate": [0.0010000000474974513]}