{"loss": [0.008976783603429794], "val_loss": [0.003051419509574771], "learning_rate": [0.0010000000474974513]}