{"loss": [9.929020272636535e-09], "val_loss": [9.956790947285299e-09], "learning_rate": [0.0010000000474974513]}