{
  "loss": [
    1.7454475164413452,
    0.5265902876853943,
    0.1352306306362152,
    0.028894200921058655,
    0.005045490805059671,
    0.0007129089790396392,
    8.086482557700947e-05,
    7.2994344009202905e-06,
    5.255413384475105e-07,
    3.808985127307096e-08,
    1.1153854728718215e-08,
    1.0038156972314027e-08,
    1.0001596884023911e-08
  ],
  "val_loss": [
    0.9091291427612305,
    0.24887943267822266,
    0.05708974227309227,
    0.010723062790930271,
    0.0016292657237499952,
    0.00019861549662891775,
    1.9256431187386625e-05,
    1.4743543488293653e-06,
    9.599352779332548e-08,
    1.3845697033332272e-08,
    1.0123287097485445e-08,
    1.0004801431762189e-08,
    1.000029925535273e-08
  ],
  "learning_rate": [
    0.0010000000474974513,
    0.0010000000474974513,
    0.0010000000474974513,
    0.0010000000474974513,
    0.0010000000474974513,
    0.0010000000474974513,
    0.0010000000474974513,
    0.0010000000474974513,
    0.0010000000474974513,
    0.0010000000474974513,
    0.0010000000474974513,
    0.0009048374486155808,
    0.0008187307976186275
  ]
}