{
  "loss": [
    0.5188959240913391,
    0.08852384984493256,
    0.03726717457175255,
    0.023257413879036903,
    0.01661781035363674,
    0.013018070720136166,
    0.0106734624132514,
    0.009493421763181686,
    0.007162091787904501,
    0.006005541887134314,
    0.004894583486020565,
    0.004209864418953657,
    0.004142104648053646,
    0.0032627466134727,
    0.00305423466488719,
    0.002537413267418742,
    0.0022860991302877665,
    0.0022511619608849287,
    0.0020257686264812946,
    0.0018920969450846314,
    0.00180164841003716,
    0.001706163166090846,
    0.0016353839309886098,
    0.0015801917761564255,
    0.001517700613476336,
    0.001475147670134902,
    0.0014362462097778916,
    0.0014032358303666115,
    0.0013686591992154717,
    0.0013293278170749545,
    0.0012978402664884925,
    0.001276547322049737,
    0.0012562974588945508,
    0.0012395672965794802,
    0.0012183354701846838,
    0.0012000072747468948,
    0.0011898753000423312,
    0.0011733075371012092,
    0.0011608467902988195,
    0.0011463325936347246,
    0.0011376877082511783,
    0.0011286550434306264,
    0.0011202519526705146,
    0.0011109996121376753,
    0.0011035633506253362,
    0.0010958579368889332,
    0.0010912466095760465,
    0.001086017582565546,
    0.0010808228980749846,
    0.0010744504397735,
    0.001069152494892478,
    0.0010662603890523314,
    0.0010631466284394264,
    0.001059018075466156,
    0.0010555682238191366,
    0.001052801264449954,
    0.0010493583977222443,
    0.0010466976091265678,
    0.001044462202116847,
    0.0010424500796943903,
    0.0010407811496406794,
    0.0010387536603957415,
    0.0010364719200879335,
    0.0010349906515330076,
    0.0010335122933611274,
    0.0010327801574021578,
    0.0010311446385458112,
    0.0010296715190634131,
    0.001028748694807291,
    0.0010281455470249057,
    0.0010266684694215655,
    0.0010255520464852452,
    0.0010248995386064053,
    0.0010241679847240448,
    0.0010235130321234465,
    0.0010226996382698417,
    0.0010219970718026161,
    0.0010212125489488244,
    0.0010210616746917367
  ],
  "val_loss": [
    0.25855252146720886,
    0.08870407938957214,
    0.057015806436538696,
    0.0398632176220417,
    0.031902629882097244,
    0.026703134179115295,
    0.023999255150556564,
    0.02082531899213791,
    0.01792077347636223,
    0.016411125659942627,
    0.014185911044478416,
    0.01350964605808258,
    0.012590696103870869,
    0.011490067467093468,
    0.010900827124714851,
    0.010065869428217411,
    0.010212147608399391,
    0.009375528432428837,
    0.008829351514577866,
    0.008774719201028347,
    0.008493451401591301,
    0.008281651884317398,
    0.00806672964245081,
    0.007879982702434063,
    0.007804431486874819,
    0.007660675328224897,
    0.007552135270088911,
    0.00746949203312397,
    0.007298753131181002,
    0.007230247370898724,
    0.007152837701141834,
    0.007074379827827215,
    0.007082093041390181,
    0.006925982888787985,
    0.006944817956537008,
    0.006883120164275169,
    0.006848637480288744,
    0.006801823154091835,
    0.006749720312654972,
    0.006712796166539192,
    0.006664670072495937,
    0.006644942332059145,
    0.006656934507191181,
    0.006569801364094019,
    0.006571515928953886,
    0.00655306875705719,
    0.006530908402055502,
    0.006505719851702452,
    0.006518686655908823,
    0.006479011382907629,
    0.006485387682914734,
    0.006465584971010685,
    0.006436371244490147,
    0.006433621048927307,
    0.00643151393160224,
    0.0064244577661156654,
    0.006407065782696009,
    0.006400220561772585,
    0.006398050580173731,
    0.006373554468154907,
    0.006378775928169489,
    0.0063784485682845116,
    0.006369702517986298,
    0.006373228970915079,
    0.006355075631290674,
    0.006358392536640167,
    0.006351417396217585,
    0.006346376612782478,
    0.006341851782053709,
    0.00634856428951025,
    0.006345930974930525,
    0.0063399760983884335,
    0.006343675311654806,
    0.006329486146569252,
    0.0063304896466434,
    0.006330577656626701,
    0.006326556671410799,
    0.006325943861156702,
    0.00632932735607028
  ],
  "learning_rate": [
    0.0010000000474974513,
    0.0010000000474974513,
    0.0010000000474974513,
    0.0010000000474974513,
    0.0010000000474974513,
    0.0010000000474974513,
    0.0010000000474974513,
    0.0010000000474974513,
    0.0010000000474974513,
    0.0010000000474974513,
    0.0010000000474974513,
    0.0009048374486155808,
    0.0008187307976186275,
    0.0007408182136714458,
    0.0006703200633637607,
    0.0006065306952223182,
    0.0005488116294145584,
    0.000496585329528898,
    0.0004493289743550122,
    0.00040656968485563993,
    0.00036787946010008454,
    0.0003328711027279496,
    0.0003011942026205361,
    0.0002725318190641701,
    0.0002465969882905483,
    0.00022313017689157277,
    0.00020189653150737286,
    0.00018268352141603827,
    0.00016529890126548707,
    0.000149568630149588,
    0.00013533528544940054,
    0.00012245644757058471,
    0.00011080315744038671,
    0.00010025885421782732,
    9.071794920600951e-05,
    8.208500366890803e-05,
    7.4273586506024e-05,
    6.720551755279303e-05,
    6.081007086322643e-05,
    5.50232180103194e-05,
    4.978706783731468e-05,
    4.504920798353851e-05,
    4.076220284332521e-05,
    3.6883167922496796e-05,
    3.3373267797287554e-05,
    3.019738505827263e-05,
    2.7323725589667447e-05,
    2.4723527531023137e-05,
    2.2370773876900785e-05,
    2.0241910533513874e-05,
    1.831564077292569e-05,
    1.6572677850490436e-05,
    1.4995580386312213e-05,
    1.3568557733378839e-05,
    1.2277339010324795e-05,
    1.110899665945908e-05,
    1.00518363979063e-05,
    9.09527898329543e-06,
    8.229745617427398e-06,
    7.446582912962185e-06,
    6.737947387591703e-06,
    6.096747711126227e-06,
    5.516565579455346e-06,
    4.991592959413538e-06,
    4.51658070232952e-06,
    4.08677169616567e-06,
    3.697864258356276e-06,
    3.3459662063251017e-06,
    3.027554384971154e-06,
    2.7394446533435257e-06,
    2.4787523216218688e-06,
    2.2428680495067965e-06,
    2.0294312434998574e-06,
    1.8363044773650472e-06,
    1.6615572349110153e-06,
    1.5034391935841995e-06,
    1.360368287350866e-06,
    1.23091217574256e-06,
    1.1137750561829307e-06
  ]
}