{
  "loss": [
    0.6467976570129395,
    0.23081474006175995,
    0.07355915755033493,
    0.020661626011133194,
    0.005057164002209902,
    0.0010721188737079501,
    0.00019602423708420247,
    3.077322253375314e-05,
    4.130497927690158e-06,
    4.7770413402759e-07,
    5.461717833554758e-08,
    1.3861344960730548e-08,
    1.038515762274983e-08
  ],
  "val_loss": [
    0.3704224228858948,
    0.1236027330160141,
    0.036537401378154755,
    0.009428979828953743,
    0.0021081569138914347,
    0.00040647987043485045,
    6.729366577928886e-05,
    9.519479135633446e-06,
    1.149682248069439e-06,
    1.2486505340802978e-07,
    1.9643239923539113e-08,
    1.0919810833343035e-08,
    1.0103024195018406e-08
  ],
  "learning_rate": [
    0.0010000000474974513,
    0.0010000000474974513,
    0.0010000000474974513,
    0.0010000000474974513,
    0.0010000000474974513,
    0.0010000000474974513,
    0.0010000000474974513,
    0.0010000000474974513,
    0.0010000000474974513,
    0.0010000000474974513,
    0.0010000000474974513,
    0.0009048374486155808,
    0.0008187307976186275
  ]
}