{
  "loss": [
    0.011370280757546425,
    0.0031784281600266695,
    0.0007370354142040014,
    0.00013941817451268435,
    2.1133297195774503e-05,
    2.5457952688157093e-06,
    2.485554659870104e-07,
    2.733334625304451e-08,
    1.0953551843329024e-08,
    1.003862326598437e-08
  ],
  "val_loss": [
    0.005680039990693331,
    0.0014129439368844032,
    0.000288510462269187,
    4.726201223093085e-05,
    6.13958900430589e-06,
    6.331012514237955e-07,
    5.896679056149878e-08,
    1.2919423753032788e-08,
    1.012866324145989e-08,
    1.0004017170217594e-08
  ],
  "learning_rate": [
    0.0010000000474974513,
    0.0010000000474974513,
    0.0010000000474974513,
    0.0010000000474974513,
    0.0010000000474974513,
    0.0010000000474974513,
    0.0010000000474974513,
    0.0010000000474974513,
    0.0010000000474974513,
    0.0010000000474974513
  ]
}