{
  "loss": [
    1.7388168573379517,
    0.5220354795455933,
    0.1334087997674942,
    0.028401410207152367,
    0.004948734305799007,
    0.000698532909154892,
    7.92044957051985e-05,
    7.149080374801997e-06,
    5.149170192453312e-07,
    3.7524515050790797e-08,
    1.1199767335767774e-08,
    1.0040024811530657e-08,
    1.0001615535770725e-08
  ],
  "val_loss": [
    0.9031140208244324,
    0.24593614041805267,
    0.056176841259002686,
    0.010523132048547268,
    0.0015967522049322724,
    0.00019455015717539936,
    1.8859505871660076e-05,
    1.4441658322539297e-06,
    9.424644531463855e-08,
    1.3731041192954763e-08,
    1.013032235874789e-08,
    1.0004290729170862e-08,
    9.999779670977205e-09
  ],
  "learning_rate": [
    0.0010000000474974513,
    0.0010000000474974513,
    0.0010000000474974513,
    0.0010000000474974513,
    0.0010000000474974513,
    0.0010000000474974513,
    0.0010000000474974513,
    0.0010000000474974513,
    0.0010000000474974513,
    0.0010000000474974513,
    0.0010000000474974513,
    0.0009048374486155808,
    0.0008187307976186275
  ]
}