{
  "loss": [
    0.4669896066188812,
    0.09660324454307556,
    0.040279094129800797,
    0.024984942749142647,
    0.01775307208299637,
    0.013786276802420616,
    0.011734655126929283,
    0.009715643711388111,
    0.0072667417116463184,
    0.006129460874944925,
    0.005170573480427265,
    0.004354281350970268,
    0.00376503961160779,
    0.0033061739522963762,
    0.0029394677840173244,
    0.0028038062155246735,
    0.002718405332416296,
    0.002284034388139844,
    0.0021538943983614445,
    0.002043721731752157,
    0.0019411357352510095,
    0.001860103104263544,
    0.0018091914243996143,
    0.0017281998880207539,
    0.001665535382926464,
    0.0016354426043108106,
    0.0015868805348873138,
    0.0015626002568751574,
    0.0015100198797881603,
    0.0014801562065258622,
    0.0014540916308760643,
    0.001427268492989242,
    0.0014052605256438255,
    0.0013863028725609183,
    0.0013669829349964857,
    0.001350779552012682,
    0.0013351660454645753,
    0.0013208870077505708,
    0.0013113559689372778,
    0.0012956307036802173,
    0.0012845665914937854,
    0.0012769594322890043,
    0.0012659518979489803,
    0.001256556948646903,
    0.0012481404701247811,
    0.001243547652848065,
    0.0012374905636534095,
    0.0012308843433856964,
    0.0012251900043338537,
    0.0012187239481136203,
    0.001215778524056077,
    0.0012109644012525678,
    0.0012071526143699884,
    0.0012039643479511142,
    0.0012026173062622547,
    0.0011966499732807279,
    0.0011939292307943106,
    0.0011914626229554415,
    0.0011898665688931942,
    0.0011869675945490599,
    0.0011857158970087767,
    0.0011838690843433142,
    0.001181745552457869,
    0.0011802497319877148,
    0.0011787438997998834,
    0.0011769686825573444,
    0.0011762782232835889,
    0.0011744207004085183,
    0.0011737911263480783,
    0.0011726019438356161,
    0.0011717613087967038,
    0.001171364914625883,
    0.001170129282400012,
    0.0011698658345267177
  ],
  "val_loss": [
    0.2716362178325653,
    0.08209171891212463,
    0.05073780193924904,
    0.036571942269802094,
    0.03009689785540104,
    0.024682646617293358,
    0.02207609824836254,
    0.01879129186272621,
    0.016812847927212715,
    0.015405221842229366,
    0.014015049673616886,
    0.013203426264226437,
    0.011514479294419289,
    0.011335350573062897,
    0.010399723425507545,
    0.010106287896633148,
    0.009489228948950768,
    0.00924202986061573,
    0.009033342823386192,
    0.008725522086024284,
    0.008351004682481289,
    0.008283101953566074,
    0.008033428341150284,
    0.007924800738692284,
    0.007811165414750576,
    0.007706986274570227,
    0.007622601464390755,
    0.00745087955147028,
    0.007366035599261522,
    0.0072882999666035175,
    0.007246620953083038,
    0.007147184107452631,
    0.007076102774590254,
    0.007052415981888771,
    0.006980350706726313,
    0.006959029473364353,
    0.006875318009406328,
    0.00690994830802083,
    0.00687315734103322,
    0.006822643801569939,
    0.0067690894939005375,
    0.006739968899637461,
    0.006707768887281418,
    0.006685768719762564,
    0.006692704278975725,
    0.006668903399258852,
    0.0066559952683746815,
    0.0066325003281235695,
    0.006621954496949911,
    0.006606515496969223,
    0.006593052297830582,
    0.006582309491932392,
    0.006571850273758173,
    0.006564135197550058,
    0.0065651447512209415,
    0.006544770672917366,
    0.006535591557621956,
    0.0065268282778561115,
    0.006529498845338821,
    0.006518194451928139,
    0.006514496635645628,
    0.0065070162527263165,
    0.0065036341547966,
    0.00650115916505456,
    0.006495877634733915,
    0.0064925639890134335,
    0.0064865341410040855,
    0.006483555771410465,
    0.006480352021753788,
    0.00647951802238822,
    0.006480009760707617,
    0.0064757876098155975,
    0.006476157810539007,
    0.006475336384028196
  ],
  "learning_rate": [
    0.0010000000474974513,
    0.0010000000474974513,
    0.0010000000474974513,
    0.0010000000474974513,
    0.0010000000474974513,
    0.0010000000474974513,
    0.0010000000474974513,
    0.0010000000474974513,
    0.0010000000474974513,
    0.0010000000474974513,
    0.0010000000474974513,
    0.0009048374486155808,
    0.0008187307976186275,
    0.0007408182136714458,
    0.0006703200633637607,
    0.0006065306952223182,
    0.0005488116294145584,
    0.000496585329528898,
    0.0004493289743550122,
    0.00040656968485563993,
    0.00036787946010008454,
    0.0003328711027279496,
    0.0003011942026205361,
    0.0002725318190641701,
    0.0002465969882905483,
    0.00022313017689157277,
    0.00020189653150737286,
    0.00018268352141603827,
    0.00016529890126548707,
    0.000149568630149588,
    0.00013533528544940054,
    0.00012245644757058471,
    0.00011080315744038671,
    0.00010025885421782732,
    9.071794920600951e-05,
    8.208500366890803e-05,
    7.4273586506024e-05,
    6.720551755279303e-05,
    6.081007086322643e-05,
    5.50232180103194e-05,
    4.978706783731468e-05,
    4.504920798353851e-05,
    4.076220284332521e-05,
    3.6883167922496796e-05,
    3.3373267797287554e-05,
    3.019738505827263e-05,
    2.7323725589667447e-05,
    2.4723527531023137e-05,
    2.2370773876900785e-05,
    2.0241910533513874e-05,
    1.831564077292569e-05,
    1.6572677850490436e-05,
    1.4995580386312213e-05,
    1.3568557733378839e-05,
    1.2277339010324795e-05,
    1.110899665945908e-05,
    1.00518363979063e-05,
    9.09527898329543e-06,
    8.229745617427398e-06,
    7.446582912962185e-06,
    6.737947387591703e-06,
    6.096747711126227e-06,
    5.516565579455346e-06,
    4.991592959413538e-06,
    4.51658070232952e-06,
    4.08677169616567e-06,
    3.697864258356276e-06,
    3.3459662063251017e-06,
    3.027554384971154e-06,
    2.7394446533435257e-06,
    2.4787523216218688e-06,
    2.2428680495067965e-06,
    2.0294312434998574e-06,
    1.8363044773650472e-06
  ]
}