{
  "loss": [
    0.23142670094966888,
    0.05380559340119362,
    0.028135990723967552,
    0.016076382249593735,
    0.009366033598780632,
    0.005427883937954903,
    0.0032767895609140396,
    0.002180652692914009,
    0.0015935854753479362,
    0.0012401062995195389,
    0.0010360500309616327,
    0.0008817840716801584,
    0.0007810097886249423,
    0.0007166548748500645,
    0.0006713615730404854,
    0.0006301443208940327,
    0.0005985513562336564,
    0.0005698945606127381,
    0.0005523214349523187,
    0.0005279044853523374,
    0.0005123980809003115,
    0.000497393193654716,
    0.0004867690440732986,
    0.0004740557342302054,
    0.0004635480581782758,
    0.00045683878124691546,
    0.0004482399672269821,
    0.00044235310633666813,
    0.0004371885152067989,
    0.0004298991116229445,
    0.0004253191873431206,
    0.00042167428182438016,
    0.0004175952053628862,
    0.00041389139369130135,
    0.0004108222492504865,
    0.0004083445528522134,
    0.000404958613216877,
    0.0004025690141133964,
    0.00040030342643149197,
    0.0003979987232014537,
    0.0003957119770348072,
    0.0003945541102439165,
    0.00039234894211404026,
    0.0003912408137694001,
    0.0003897846909239888,
    0.00038853794103488326,
    0.0003870910732075572,
    0.0003863575984723866,
    0.0003851554065477103,
    0.0003845319733954966,
    0.0003835865354631096,
    0.0003828049812000245,
    0.00038211970240809023,
    0.00038162252167239785,
    0.0003807760658673942
  ],
  "val_loss": [
    0.12783412635326385,
    0.06560143828392029,
    0.03552079200744629,
    0.02141197770833969,
    0.012932004407048225,
    0.008053447119891644,
    0.005772934295237064,
    0.004577208776026964,
    0.004048986826092005,
    0.0035610755439847708,
    0.0032856441102921963,
    0.003101248061284423,
    0.003015269059687853,
    0.0029400147031992674,
    0.0028411198873072863,
    0.0027841231785714626,
    0.00274494756013155,
    0.0027294715400785208,
    0.002677113749086857,
    0.0026280945166945457,
    0.002593419048935175,
    0.002596232807263732,
    0.0025578283239156008,
    0.0025387543719261885,
    0.0025288639590144157,
    0.0025008448865264654,
    0.0024881530553102493,
    0.002487456426024437,
    0.002457456663250923,
    0.0024589647073298693,
    0.002450051950290799,
    0.002442324301227927,
    0.0024366204161196947,
    0.0024248689878731966,
    0.0024260764475911856,
    0.0024115785490721464,
    0.0024019251577556133,
    0.0024091473314911127,
    0.002385176019743085,
    0.0023908691946417093,
    0.002378290519118309,
    0.0023822891525924206,
    0.0023723950143903494,
    0.0023658135905861855,
    0.002368690213188529,
    0.002360963262617588,
    0.0023589159827679396,
    0.002358582802116871,
    0.0023571308702230453,
    0.0023501678369939327,
    0.0023498209193348885,
    0.0023484278935939074,
    0.0023468127474188805,
    0.0023449419531971216,
    0.0023455768823623657
  ],
  "learning_rate": [
    0.0010000000474974513,
    0.0010000000474974513,
    0.0010000000474974513,
    0.0010000000474974513,
    0.0010000000474974513,
    0.0010000000474974513,
    0.0010000000474974513,
    0.0010000000474974513,
    0.0010000000474974513,
    0.0010000000474974513,
    0.0010000000474974513,
    0.0009048374486155808,
    0.0008187307976186275,
    0.0007408182136714458,
    0.0006703200633637607,
    0.0006065306952223182,
    0.0005488116294145584,
    0.000496585329528898,
    0.0004493289743550122,
    0.00040656968485563993,
    0.00036787946010008454,
    0.0003328711027279496,
    0.0003011942026205361,
    0.0002725318190641701,
    0.0002465969882905483,
    0.00022313017689157277,
    0.00020189653150737286,
    0.00018268352141603827,
    0.00016529890126548707,
    0.000149568630149588,
    0.00013533528544940054,
    0.00012245644757058471,
    0.00011080315744038671,
    0.00010025885421782732,
    9.071794920600951e-05,
    8.208500366890803e-05,
    7.4273586506024e-05,
    6.720551755279303e-05,
    6.081007086322643e-05,
    5.50232180103194e-05,
    4.978706783731468e-05,
    4.504920798353851e-05,
    4.076220284332521e-05,
    3.6883167922496796e-05,
    3.3373267797287554e-05,
    3.019738505827263e-05,
    2.7323725589667447e-05,
    2.4723527531023137e-05,
    2.2370773876900785e-05,
    2.0241910533513874e-05,
    1.831564077292569e-05,
    1.6572677850490436e-05,
    1.4995580386312213e-05,
    1.3568557733378839e-05,
    1.2277339010324795e-05
  ]
}