{
  "loss": [
    0.30272454023361206,
    0.06363833695650101,
    0.03513015806674957,
    0.02045099250972271,
    0.012877678498625755,
    0.008311258628964424,
    0.0054289475083351135,
    0.003739455481991172,
    0.002707779174670577,
    0.0020658855792135,
    0.0016399351879954338,
    0.0013680424308404326,
    0.0011916108196601272,
    0.0010635933140292764,
    0.0009705354459583759,
    0.0008895995561033487,
    0.0008332728757523,
    0.0007847499800845981,
    0.0007484528468921781,
    0.0007137687643989921,
    0.0006906415801495314,
    0.000663895858451724,
    0.0006441622972488403,
    0.0006269302102737129,
    0.0006132215494289994,
    0.0006005637696944177,
    0.0005866787396371365,
    0.0005769907729700208,
    0.0005663437186740339,
    0.0005594855174422264,
    0.0005511103081516922,
    0.0005438076332211494,
    0.0005376822082325816,
    0.0005335129098966718,
    0.0005277012824080884,
    0.0005241576582193375,
    0.000519118329975754,
    0.0005148891941644251,
    0.0005117328837513924,
    0.0005079234833829105,
    0.000505195464938879,
    0.0005021710530854762,
    0.0004997696960344911,
    0.0004972081515006721,
    0.0004958414938300848,
    0.0004937619087286294,
    0.0004921173676848412,
    0.0004908388946205378,
    0.0004896732280030847,
    0.0004879882326349616,
    0.0004868310352321714,
    0.0004855756415054202,
    0.0004846975498367101
  ],
  "val_loss": [
    0.148106649518013,
    0.08348308503627777,
    0.04753779619932175,
    0.029103916138410568,
    0.019561830908060074,
    0.012831862084567547,
    0.008982373401522636,
    0.006733855698257685,
    0.00543895224109292,
    0.004733635578304529,
    0.004094995092600584,
    0.0038172670174390078,
    0.0035361051559448242,
    0.0034243923146277666,
    0.003274609800428152,
    0.0031920659821480513,
    0.0030902624130249023,
    0.0030024091247469187,
    0.002926032757386565,
    0.0029041168745607138,
    0.002822956768795848,
    0.002838264452293515,
    0.00275704194791615,
    0.002729203552007675,
    0.0026946221478283405,
    0.002673264592885971,
    0.0026598391123116016,
    0.002639052690938115,
    0.0026146541349589825,
    0.00261884368956089,
    0.002605161629617214,
    0.002574870130047202,
    0.002569385338574648,
    0.0025605307891964912,
    0.002549926983192563,
    0.002535478211939335,
    0.0025283205322921276,
    0.0025227689184248447,
    0.002513239625841379,
    0.002509291050955653,
    0.0024992648977786303,
    0.0025082724168896675,
    0.002496507251635194,
    0.0024812747724354267,
    0.002488925587385893,
    0.0024805127177387476,
    0.0024756784550845623,
    0.002467634854838252,
    0.002469701459631324,
    0.00246788770891726,
    0.002464898629114032,
    0.0024642860516905785,
    0.0024604080244898796
  ],
  "learning_rate": [
    0.0010000000474974513,
    0.0010000000474974513,
    0.0010000000474974513,
    0.0010000000474974513,
    0.0010000000474974513,
    0.0010000000474974513,
    0.0010000000474974513,
    0.0010000000474974513,
    0.0010000000474974513,
    0.0010000000474974513,
    0.0010000000474974513,
    0.0009048374486155808,
    0.0008187307976186275,
    0.0007408182136714458,
    0.0006703200633637607,
    0.0006065306952223182,
    0.0005488116294145584,
    0.000496585329528898,
    0.0004493289743550122,
    0.00040656968485563993,
    0.00036787946010008454,
    0.0003328711027279496,
    0.0003011942026205361,
    0.0002725318190641701,
    0.0002465969882905483,
    0.00022313017689157277,
    0.00020189653150737286,
    0.00018268352141603827,
    0.00016529890126548707,
    0.000149568630149588,
    0.00013533528544940054,
    0.00012245644757058471,
    0.00011080315744038671,
    0.00010025885421782732,
    9.071794920600951e-05,
    8.208500366890803e-05,
    7.4273586506024e-05,
    6.720551755279303e-05,
    6.081007086322643e-05,
    5.50232180103194e-05,
    4.978706783731468e-05,
    4.504920798353851e-05,
    4.076220284332521e-05,
    3.6883167922496796e-05,
    3.3373267797287554e-05,
    3.019738505827263e-05,
    2.7323725589667447e-05,
    2.4723527531023137e-05,
    2.2370773876900785e-05,
    2.0241910533513874e-05,
    1.831564077292569e-05,
    1.6572677850490436e-05,
    1.4995580386312213e-05
  ]
}