{
  "loss": [
    0.6347419619560242,
    0.22425004839897156,
    0.07083678990602493,
    0.0197649784386158,
    0.0048164017498493195,
    0.0010181660763919353,
    0.00018576323054730892,
    2.910784496634733e-05,
    3.900765932485228e-06,
    4.509998063895182e-07,
    5.202601016662811e-08,
    1.3636281437356956e-08,
    1.0364707314636235e-08
  ],
  "val_loss": [
    0.3613181412220001,
    0.11940313130617142,
    0.03502751141786575,
    0.008992090821266174,
    0.0020038140937685966,
    0.00038546876749023795,
    6.369056063704193e-05,
    8.994007657747716e-06,
    1.0850463922906783e-06,
    1.182955244871664e-07,
    1.9077967650105165e-08,
    1.0883089984758954e-08,
    1.0095623004247045e-08
  ],
  "learning_rate": [
    0.0010000000474974513,
    0.0010000000474974513,
    0.0010000000474974513,
    0.0010000000474974513,
    0.0010000000474974513,
    0.0010000000474974513,
    0.0010000000474974513,
    0.0010000000474974513,
    0.0010000000474974513,
    0.0010000000474974513,
    0.0010000000474974513,
    0.0009048374486155808,
    0.0008187307976186275
  ]
}