{
  "loss": [
    3.9831552385294344e-06,
    1.0177981266679126e-06,
    1.7716055822347698e-07,
    3.336197096359683e-08,
    1.289397566495154e-08,
    1.0318346177484727e-08
  ],
  "val_loss": [
    1.995146931221825e-06,
    3.6844369333266513e-07,
    6.235607941107446e-08,
    1.673055649575872e-08,
    1.0769352520867415e-08,
    1.0077370937722208e-08
  ],
  "learning_rate": [
    0.0010000000474974513,
    0.0010000000474974513,
    0.0010000000474974513,
    0.0010000000474974513,
    0.0010000000474974513,
    0.0010000000474974513
  ]
}