{
  "loss": [
    2.7020487323170528e-06,
    9.68990860883423e-08,
    1.0901779035066284e-08,
    1.0004765904625401e-08,
    1.0000094086137779e-08,
    1.0000158034983997e-08
  ],
  "val_loss": [
    3.6011380188938347e-07,
    1.4194299957637213e-08,
    1.0026073304914007e-08,
    1.0001349082244815e-08,
    1.0001086181432584e-08,
    1.0001034667084241e-08
  ],
  "learning_rate": [
    0.0010000000474974513,
    0.0010000000474974513,
    0.0010000000474974513,
    0.0010000000474974513,
    0.0010000000474974513,
    0.0010000000474974513
  ]
}