{
  "loss": [
    9.948274204418794e-09,
    9.938675660237095e-09,
    9.925075872274647e-09,
    9.907928699703916e-09,
    9.889016716613241e-09,
    9.868306172222674e-09
  ],
  "val_loss": [
    1.00545261005891e-08,
    1.004638150448045e-08,
    1.0035575925826379e-08,
    1.0023444296791695e-08,
    1.0009490125639786e-08,
    9.994805871826884e-09
  ],
  "learning_rate": [
    0.0010000000474974513,
    0.0010000000474974513,
    0.0010000000474974513,
    0.0010000000474974513,
    0.0010000000474974513,
    0.0010000000474974513
  ]
}