{
  "loss": [
    9.586368143743584e-09,
    9.584441684751255e-09,
    9.581667903546531e-09,
    9.578315030012163e-09,
    9.574500303699551e-09,
    9.570261028102323e-09
  ],
  "val_loss": [
    9.817359369890255e-09,
    9.816272239504542e-09,
    9.814900892024525e-09,
    9.813303947225904e-09,
    9.811517820423887e-09,
    9.809598466858915e-09
  ],
  "learning_rate": [
    0.0010000000474974513,
    0.0010000000474974513,
    0.0010000000474974513,
    0.0010000000474974513,
    0.0010000000474974513,
    0.0010000000474974513
  ]
}