{
  "loss": [
    1.0099270753016754e-08,
    1.009297179166424e-08,
    1.0083484269785004e-08,
    1.0071460110339103e-08,
    1.0058088584230518e-08,
    1.0042779052810147e-08
  ],
  "val_loss": [
    9.966182545895208e-09,
    9.96191396041013e-09,
    9.956207414063556e-09,
    9.949216561722096e-09,
    9.941220291409536e-09,
    9.931415689834466e-09
  ],
  "learning_rate": [
    0.0010000000474974513,
    0.0010000000474974513,
    0.0010000000474974513,
    0.0010000000474974513,
    0.0010000000474974513,
    0.0010000000474974513
  ]
}