{
  "alpha": 0.00017871589259253097,
  "l1_ratio": 0.5739041286532264,
  "max_iter": 8345,
  "tol": 3.7934579279927764e-05
}