{
  "lstm_units": 97,
  "dropout_rate": 0.14648565863246926,
  "learning_rate": 0.0007653631599876039,
  "l2_reg": 0.00013107209632797685
}