{
  "max_depth": 7,
  "learning_rate": 0.9941177477508053,
  "n_estimators": 586,
  "min_child_weight": 2,
  "subsample": 0.9984234108545741,
  "colsample_bytree": 0.9992605751836584
}