{
  "alpha": 0.00011800598479343966,
  "l1_ratio": 0.5900223819864401,
  "max_iter": 5026,
  "tol": 0.00014108118627569803
}