{
  "Optimized LSTM": {
    "MSE": 0.9999928649722187,
    "RMSE": 0.9999964324797458,
    "MAE": 0.8153661235460663,
    "R\u00b2": 7.135027782489978e-06,
    "EVS": 7.166361541077748e-06,
    "MAPE": 99.99689483076915
  },
  "BiLSTM": {
    "MSE": 0.9999709208294036,
    "RMSE": 0.9999854603090005,
    "MAE": 0.8152518558917758,
    "R\u00b2": 2.907917059763454e-05,
    "EVS": 3.164055401783106e-05,
    "MAPE": 99.90944663764768
  },
  "Stacked LSTM": {
    "MSE": 0.9817359787604416,
    "RMSE": 0.9908259073926365,
    "MAE": 0.8071930121609787,
    "R\u00b2": 0.018264021239559614,
    "EVS": 0.01830189182296832,
    "MAPE": 100.34470026808475
  },
  "CNN-LSTM": {
    "MSE": 0.011549176238015955,
    "RMSE": 0.10746709374508998,
    "MAE": 0.05232683891557273,
    "R\u00b2": 0.988450823761984,
    "EVS": 0.9884864155232027,
    "MAPE": 13.787919821232874
  },
  "GRU": {
    "MSE": 0.003463804504773506,
    "RMSE": 0.058854095055259376,
    "MAE": 0.02165160966855223,
    "R\u00b2": 0.9965361954952265,
    "EVS": 0.996565183614309,
    "MAPE": 5.062755730592094
  },
  "SVM": {
    "MSE": 0.05935733564424371,
    "RMSE": 0.24363360943072634,
    "MAE": 0.08893078729523658,
    "R\u00b2": 0.9406426643557564,
    "EVS": 0.9412852059952275,
    "MAPE": 24.443935766099635
  },
  "k-NN": {
    "MSE": 0.05051177003962322,
    "RMSE": 0.22474823701115704,
    "MAE": 0.1385165449062837,
    "R\u00b2": 0.9494882299603769,
    "EVS": 0.9495028224578075,
    "MAPE": 44.52106304394635
  },
  "XGBoost": {
    "MSE": 0.005669970743073684,
    "RMSE": 0.07529920811717533,
    "MAE": 0.023644176884827693,
    "R\u00b2": 0.9943300292569264,
    "EVS": 0.994358210747561,
    "MAPE": 4.3009676837360145
  },
  "Random Forest": {
    "MSE": 0.0009397416567274442,
    "RMSE": 0.030655206029766693,
    "MAE": 0.0037478793192631736,
    "R\u00b2": 0.9990602583432726,
    "EVS": 0.9990617307926296,
    "MAPE": 0.783640695212362
  },
  "Stacking": {
    "MSE": 0.0010015572148660144,
    "RMSE": 0.03164738875272357,
    "MAE": 0.005075084260487826,
    "R\u00b2": 0.9989984427851339,
    "EVS": 0.9990006869152097,
    "MAPE": 1.2026408945134472
  },
  "Regularized Stacking": {
    "MSE": 0.011334676058132124,
    "RMSE": 0.10646443564933843,
    "MAE": 0.04869342526205205,
    "R\u00b2": 0.9886653239418679,
    "EVS": 0.9886986671738547,
    "MAPE": 12.9982572845876
  },
  "Weighted Average": {
    "MSE": 0.00107075659991415,
    "RMSE": 0.0327224173910509,
    "MAE": 0.005158537628944382,
    "R\u00b2": 0.9989292434000858,
    "EVS": 0.9989325398613986,
    "MAPE": 1.107303315704901
  },
  "Ensemble": {
    "MSE": 0.004038232000794647,
    "RMSE": 0.06354708491185608,
    "MAE": 0.028733733547026217,
    "R\u00b2": 0.9959617679992054,
    "EVS": 0.9959740193029596,
    "MAPE": 4.357148496487531
  }
}